spin,CASSCF,MCPDFT,convergence
1,-9754.99047654599,-9762.076405724261,NaN
