lanth,spin,CASSCF,MCPDFT,nevpt
Ce,1,-9410.746211782382,-9416.111193390909,-9413.143934618858
