lanth,spin,CASSCF,MCPDFT,nevpt
Dy,1,-13051.398446625786,-13059.630044099284,-13055.221519493623
Dy,3,-13051.398455472248,-13059.629964109085,-13055.221413844269
Dy,5,-13051.398501434363,-13059.62985193738,-13055.221250162267
Dy,7,-13051.17281707621,-13059.40399422736,-13054.986704711286
Dy,9,-13051.003399992444,-13059.224442569352,-13054.78704616199
