spin,CASSCF,MCPDFT,convergence
9,-13051.0176334579,-13059.240327663243,119
7,-13051.2378647979,-13059.450838123978,13
5,-13051.4061176298,-13059.634736589152,NaN
3,-13051.4062785493,-13059.63501087892,36
1,-13051.4062893407,-13059.635121814963,2
