lanth,spin,CASSCF,MCPDFT,nevpt
Er,11,-13979.73931550358,-13988.11495952489,-13983.516539896533
