spin,CASSCF,MCPDFT,convergence
11,-13979.9791514638,-13988.457395096726,119
9,-13980.1907189148,-13988.662022355902,24
7,-13980.4498867094,-13988.917230531675,133
5,-13980.6755222144,-13989.22606104432,5
3,-13980.6755212753,-13989.226069343807,19
1,-13980.6755330239,-13989.226104671006,16
