lanth,spin,CASSCF,MCPDFT,nevpt
Eu,2,-11738.277521411246,-11746.008178364056,-11741.960786548943
Eu,4,-11738.365478236508,-11746.07810942038,-11742.04735620229
Eu,6,-11738.482337515468,-11746.200939884107,-11742.146192433818
