lanth,spin,CASSCF,MCPDFT,nevpt
Eu,2,-11394.03036671181,-11400.03805149912,-11396.493688843842
Eu,4,-11394.11887884427,-11400.107873655166,-11396.582225579845
Eu,6,-11394.198196352045,-11400.256508368864,-11396.695746726524
