spin,CASSCF,MCPDFT,convergence
6,-11738.1754687603,-11745.925989618065,131
4,-11738.3400675871,-11746.10518570805,77
2,-11738.2591835418,-11746.031010948727,68
0,-11738.2407999083,-11745.984865514876,67
