lanth,spin,CASSCF,MCPDFT,nevpt
Gd,1,-11821.184390539564,-11827.372605656385,-11823.70125065458
Gd,3,-11821.23850488176,-11827.423702485245,-11823.756978037378
Gd,5,-11821.008664414529,-11827.229983592097,-11823.531974132637
Gd,7,-11821.150397130428,-11827.319224196142,-11823.666330415606
