spin,CASSCF,MCPDFT,convergence
7,-12165.8012229823,-12173.631652941687,123
5,-12165.6338791049,-12173.472320869228,NaN
3,-12165.5168335665,-12173.36236991201,NaN
1,-12165.4644857111,-12173.320266540339,24
