lanth,spin,CASSCF,MCPDFT,nevpt
Ho,0,-13510.579337441724,-13519.024392976278,-13514.430481499225
Ho,2,-13510.629583233416,-13519.049745537302,-13514.475372482468
Ho,4,-13510.757680697296,-13519.12495947319,-13514.588367848624
Ho,6,-13510.49770637911,-13518.83244148461,-13514.293717385692
Ho,8,-13510.336016325078,-13518.673781410784,-13514.127951917551
Ho,10,-13510.111596870716,-13518.461560476808,-13513.908371584535
