spin,CASSCF,MCPDFT,convergence
10,-13510.24766684,-13518.546032006827,143
8,-13510.4796150851,-13518.837633446215,NaN
6,-13510.6307659827,-13518.99936740772,NaN
4,-13510.6307026653,-13518.999321149447,68
2,-13510.6306887894,-13518.999294309375,NaN
0,-13510.5330980332,-13518.900877775388,NaN
