lanth,spin,CASSCF,MCPDFT,nevpt
Ho,6,-13166.249525503405,-13172.850265751384,-13168.84205061539
Ho,8,-13166.011982378945,-13172.624904836588,-13168.608027666012
