lanth,spin,CASSCF,MCPDFT,nevpt
Lu,10,-15457.536466696876,-15466.569130966149,-15461.644165919868
Lu,12,-15457.248225755431,-15466.30697233423,-15461.365854192709
