spin,CASSCF,MCPDFT,convergence
12,-15457.2171319464,-15466.298860031062,75
10,-15457.4205497872,-15466.468766311951,138
8,-15457.7164999567,-15466.747527640178,79
6,-15457.8834119458,-15466.897016215255,41
4,-15458.0089671127,-15467.044324504688,9
2,-15458.225449478,-15467.253593023344,54
0,-15458.3307691242,-15467.362654755641,17
