spin,CASSCF,MCPDFT,convergence
3,-10518.3857101283,-10525.721541716166,23
1,-10518.3186161463,-10525.670180573197,41
