lanth,spin,CASSCF,MCPDFT,nevpt
Nd,1,-10174.065704757675,-10179.71063155892,-10176.411721591528
Nd,3,-10174.13386468014,-10179.754496303303,-10176.445810229055
