lanth,spin,CASSCF,MCPDFT,nevpt
Pm,0,-10570.572688300275,-10576.323902551812,-10573.01728586076
Pm,2,-10570.616986332145,-10576.351400098403,-10573.061468341524
Pm,4,-10570.700817687257,-10576.4373115052,-10573.13307947557
