spin,CASSCF,MCPDFT,convergence
4,-10914.9465360396,-10922.41048140372,38
2,-10914.8619268307,-10922.321475685734,42
0,-10914.8171967287,-10922.292596461102,64
