lanth,spin,CASSCF,MCPDFT,nevpt
Pr,0,-9787.490940535932,-9793.006587867165,-9789.883319249988
Pr,2,-9787.515763831443,-9793.021144924718,-9789.895090736502
