spin,CASSCF,MCPDFT,convergence
2,-10131.7671235923,-10138.97316067032,31
0,-10131.7364725927,-10138.973750650008,16
