lanth,spin,CASSCF,MCPDFT,nevpt
Sm,1,-10977.18882871126,-10983.075291954934,-10979.639353311735
Sm,3,-10977.239173277165,-10983.127250699745,-10979.685643705145
Sm,5,-10977.30529333635,-10983.236184495438,-10979.78211874143
