spin,CASSCF,MCPDFT,convergence
5,-11321.5843856971,-11329.180840415804,69
3,-11321.4850097862,-11329.098456703518,56
1,-11321.4349250888,-11329.045549343513,37
