lanth,spin,CASSCF,MCPDFT,nevpt
Tb,4,-12258.998236778963,-12265.276682296795,-12261.54108613586
Tb,6,-12259.090217662286,-12265.413040197778,-12261.66914162438
Tb,8,-12258.852804074988,-12265.211480329936,-12261.461959484732
