spin,CASSCF,MCPDFT,convergence
8,-12603.2702713576,-12611.281333123268,15
6,-12603.2701520734,-12611.281189581268,5
4,-12603.2700997776,-12611.281169036532,5
2,-12603.1420557255,-12611.16781691023,40
0,-12603.0554942905,-12611.085067615517,NaN
