lanth,spin,CASSCF,MCPDFT,nevpt
Tb,6,-12603.333990550302,-12611.381756793176,-12607.133554707409
Tb,8,-12603.11241075167,-12611.162937873049,-12606.908071918271
