lanth,spin,CASSCF,MCPDFT,nevpt
Tm,0,-14461.799641047892,-14470.563223942658,-14465.843269713852
Tm,2,-14461.799649387043,-14470.563116473428,-14465.84318076988
Tm,4,-14461.799688467769,-14470.562938446368,-14465.84305804166
Tm,6,-14461.577782409482,-14470.242926589808,-14465.504493716371
Tm,8,-14461.3302413063,-14469.976899671085,-14465.248340437998
Tm,10,-14461.173192037531,-14469.8078212132,-14465.067602883004
Tm,12,-14461.004148357704,-14469.658350719415,-14464.912989675951
