spin,CASSCF,MCPDFT,convergence
12,-14461.0127490959,-14469.620140837367,65
10,-14461.1781383293,-14469.810552281244,11
8,-14461.3355678046,-14469.979460014058,34
6,-14461.5975832187,-14470.236823674986,80
4,-14461.8130253885,-14470.55583588425,49
2,-14461.8130074236,-14470.556020387168,24
0,-14461.8130096810,-14470.55616150265,24
