lanth,spin,CASSCF,MCPDFT,nevpt
Tm,4,-14117.492464108003,-14124.384542560823,-14120.152312394746
Tm,6,-14117.247609248909,-14124.184476718416,-14119.930353847754
Tm,8,-14116.962149022664,-14123.878804592883,-14119.628780354256
