lanth,spin,CASSCF,MCPDFT,nevpt
Yb,1,-13986.013665603992,-13993.422106616736,-13988.850899084371
Yb,3,-13985.77049446098,-13993.225243855946,-13988.636753022396
Yb,5,-13985.55560501395,-13993.001012224871,-13988.401794855186
Yb,7,-13985.27716359565,-13992.714454333449,-13988.112417058735
Yb,9,-13984.99336304757,-13992.450776731412,-13987.854060149542
